UT,PY,SO,SN,DI,IS,VL
WOS:000988607500001,2023.0,QUARTERLY JOURNAL OF ECONOMICS,0033-5533,10.1093/qje/qjad015,3,138
WOS:000868979600001,2022.0,QUARTERLY JOURNAL OF ECONOMICS,0033-5533,10.1093/qje/qjac033,1,138
WOS:000813226900001,2022.0,QUARTERLY JOURNAL OF ECONOMICS,0033-5533,10.1093/qje/qjac019,4,137
WOS:000784752700001,2022.0,QUARTERLY JOURNAL OF ECONOMICS,0033-5533,10.1093/qje/qjac012,3,137
WOS:000642334600003,2021.0,QUARTERLY JOURNAL OF ECONOMICS,0033-5533,10.1093/qje/qjaa036,2,136
WOS:000612198000011,2021.0,QUARTERLY JOURNAL OF ECONOMICS,0033-5533,10.1093/qje/qjaa025,1,136
WOS:000489163400003,2019.0,QUARTERLY JOURNAL OF ECONOMICS,0033-5533,10.1093/qje/qjz015,4,134
WOS:000489161300005,2019.0,QUARTERLY JOURNAL OF ECONOMICS,0033-5533,10.1093/qje/qjy018,1,134
WOS:000435871300001,2018.0,QUARTERLY JOURNAL OF ECONOMICS,0033-5533,10.1093/qje/qjx043,2,133
WOS:000423802600008,2018.0,QUARTERLY JOURNAL OF ECONOMICS,0033-5533,10.1093/qje/qjx029,1,133
WOS:000412764300005,2017.0,QUARTERLY JOURNAL OF ECONOMICS,0033-5533,10.1093/qje/qjx017,4,132
WOS:000406177000010,2017.0,QUARTERLY JOURNAL OF ECONOMICS,0033-5533,10.1093/qje/qjx012,3,132
WOS:000383326100010,2016.0,QUARTERLY JOURNAL OF ECONOMICS,0033-5533,10.1093/qje/qjw018,3,131
WOS:000383326100004,2016.0,QUARTERLY JOURNAL OF ECONOMICS,0033-5533,10.1093/qje/qjw011,3,131
WOS:000359638900007,2015.0,QUARTERLY JOURNAL OF ECONOMICS,0033-5533,10.1093/qje/qjv021,3,130
WOS:000359638900008,2015.0,QUARTERLY JOURNAL OF ECONOMICS,0033-5533,10.1093/qje/qjv016,3,130
WOS:000354733000001,2015.0,QUARTERLY JOURNAL OF ECONOMICS,0033-5533,10.1093/qje/qjv006,2,130
WOS:000346660500004,2014.0,QUARTERLY JOURNAL OF ECONOMICS,0033-5533,10.1093/qje/qju019,4,129
WOS:000999692200001,2023.0,QUARTERLY JOURNAL OF ECONOMICS,0033-5533,10.1093/qje/qjad012,3,138
WOS:000986383900001,2023.0,QUARTERLY JOURNAL OF ECONOMICS,0033-5533,10.1093/qje/qjad011,3,138
WOS:000743312400004,2022.0,QUARTERLY JOURNAL OF ECONOMICS,0033-5533,10.1093/qje/qjab031,1,137
WOS:000728439200002,2021.0,QUARTERLY JOURNAL OF ECONOMICS,0033-5533,10.1093/qje/qjab021,4,136
WOS:000612198000006,2021.0,QUARTERLY JOURNAL OF ECONOMICS,0033-5533,10.1093/qje/qjaa023,1,136
WOS:000612198000008,2021.0,QUARTERLY JOURNAL OF ECONOMICS,0033-5533,10.1093/qje/qjaa032,1,136
WOS:000612198000005,2021.0,QUARTERLY JOURNAL OF ECONOMICS,0033-5533,10.1093/qje/qjaa030,1,136
WOS:000507362800004,2020.0,QUARTERLY JOURNAL OF ECONOMICS,0033-5533,10.1093/qje/qjz029,1,135
WOS:000489163400007,2019.0,QUARTERLY JOURNAL OF ECONOMICS,0033-5533,10.1093/qje/qjz019,4,134
WOS:000451281400006,2018.0,QUARTERLY JOURNAL OF ECONOMICS,0033-5533,10.1093/qje/qjy017,4,133
WOS:000423802600006,2018.0,QUARTERLY JOURNAL OF ECONOMICS,0033-5533,10.1093/qje/qjx031,1,133
WOS:000359638900002,2015.0,QUARTERLY JOURNAL OF ECONOMICS,0033-5533,10.1093/qje/qjv020,3,130
WOS:000359638900006,2015.0,QUARTERLY JOURNAL OF ECONOMICS,0033-5533,10.1093/qje/qjv018,3,130
WOS:000354733000006,2015.0,QUARTERLY JOURNAL OF ECONOMICS,0033-5533,10.1093/qje/qjv003,2,130
WOS:000346660500006,2014.0,QUARTERLY JOURNAL OF ECONOMICS,0033-5533,10.1093/qje/qju026,4,129
WOS:000346660500008,2014.0,QUARTERLY JOURNAL OF ECONOMICS,0033-5533,10.1093/qje/qju028,4,129
WOS:000330451700007,2014.0,QUARTERLY JOURNAL OF ECONOMICS,0033-5533,10.1093/qje/qjt034,1,129
WOS:000642334600011,2021.0,QUARTERLY JOURNAL OF ECONOMICS,0033-5533,10.1093/qje/qjaa046,2,136
WOS:000544015700001,2020.0,QUARTERLY JOURNAL OF ECONOMICS,0033-5533,10.1093/qje/qjz041,2,135
WOS:000451281400010,2018.0,QUARTERLY JOURNAL OF ECONOMICS,0033-5533,10.1093/qje/qjy009,4,133
WOS:000412764300002,2017.0,QUARTERLY JOURNAL OF ECONOMICS,0033-5533,10.1093/qje/qjx022,4,132
WOS:000412764300006,2017.0,QUARTERLY JOURNAL OF ECONOMICS,0033-5533,10.1093/qje/qjx019,4,132
WOS:000412764300010,2017.0,QUARTERLY JOURNAL OF ECONOMICS,0033-5533,10.1093/qje/qjx020,4,132
WOS:000401981500008,2017.0,QUARTERLY JOURNAL OF ECONOMICS,0033-5533,10.1093/qje/qjw043,2,132
WOS:000388576700008,2016.0,QUARTERLY JOURNAL OF ECONOMICS,0033-5533,10.1093/qje/qjw020,4,131
WOS:000365535400005,2015.0,QUARTERLY JOURNAL OF ECONOMICS,0033-5533,10.1093/qje/qjv028,4,130
WOS:000359638900001,2015.0,QUARTERLY JOURNAL OF ECONOMICS,0033-5533,10.1093/qje/qjv013,3,130
WOS:000342236000007,2014.0,QUARTERLY JOURNAL OF ECONOMICS,0033-5533,10.1093/qje/qju011,3,129
WOS:000330451700009,2014.0,QUARTERLY JOURNAL OF ECONOMICS,0033-5533,10.1093/qje/qjt028,1,129
WOS:000330451700003,2014.0,QUARTERLY JOURNAL OF ECONOMICS,0033-5533,10.1093/qje/qjt035,1,129
WOS:000763961400001,2022.0,QUARTERLY JOURNAL OF ECONOMICS,0033-5533,10.1093/qje/qjab043,2,137
WOS:000728439200011,2021.0,QUARTERLY JOURNAL OF ECONOMICS,0033-5533,10.1093/qje/qjaa040,4,136
WOS:000489163400005,2019.0,QUARTERLY JOURNAL OF ECONOMICS,0033-5533,10.1093/qje/qjz024,4,134
WOS:000451281400004,2018.0,QUARTERLY JOURNAL OF ECONOMICS,0033-5533,10.1093/qje/qjy008,4,133
WOS:000406177000007,2017.0,QUARTERLY JOURNAL OF ECONOMICS,0033-5533,10.1093/qje/qjx014,3,132
WOS:000354733000002,2015.0,QUARTERLY JOURNAL OF ECONOMICS,0033-5533,10.1093/qje/qjv001,2,130
WOS:000351525000009,2015.0,QUARTERLY JOURNAL OF ECONOMICS,0033-5533,10.1093/qje/qju034,1,130
WOS:000336146600009,2014.0,QUARTERLY JOURNAL OF ECONOMICS,0033-5533,10.1093/qje/qjt056,2,129
WOS:000935190200001,2023.0,QUARTERLY JOURNAL OF ECONOMICS,0033-5533,10.1093/qje/qjac047,2,138
WOS:000728439200001,2021.0,QUARTERLY JOURNAL OF ECONOMICS,0033-5533,10.1093/qje/qjab003,4,136
WOS:000672777600009,2021.0,QUARTERLY JOURNAL OF ECONOMICS,0033-5533,10.1093/qje/qjab004,3,136
WOS:000507362800002,2020.0,QUARTERLY JOURNAL OF ECONOMICS,0033-5533,10.1093/qje/qjz027,1,135
WOS:000507362800010,2020.0,QUARTERLY JOURNAL OF ECONOMICS,0033-5533,10.1093/qje/qjz031,1,135
WOS:000489161300001,2019.0,QUARTERLY JOURNAL OF ECONOMICS,0033-5533,10.1093/qje/qjy025,1,134
WOS:000451281400005,2018.0,QUARTERLY JOURNAL OF ECONOMICS,0033-5533,10.1093/qje/qjy012,4,133
WOS:000406177000003,2017.0,QUARTERLY JOURNAL OF ECONOMICS,0033-5533,10.1093/qje/qjx008,3,132
WOS:000383326100002,2016.0,QUARTERLY JOURNAL OF ECONOMICS,0033-5533,10.1093/qje/qjw013,3,131
WOS:000365535400001,2015.0,QUARTERLY JOURNAL OF ECONOMICS,0033-5533,10.1093/qje/qjv027,4,130
WOS:000359638900010,2015.0,QUARTERLY JOURNAL OF ECONOMICS,0033-5533,10.1093/qje/qjv019,3,130
WOS:000354733000007,2015.0,QUARTERLY JOURNAL OF ECONOMICS,0033-5533,10.1093/qje/qjv010,2,130
WOS:000346660500007,2014.0,QUARTERLY JOURNAL OF ECONOMICS,0033-5533,10.1093/qje/qju021,4,129
WOS:000342236000010,2014.0,QUARTERLY JOURNAL OF ECONOMICS,0033-5533,10.1093/qje/qju010,3,129
WOS:000330451700005,2014.0,QUARTERLY JOURNAL OF ECONOMICS,0033-5533,10.1093/qje/qjt027,1,129
WOS:001011152200001,2023.0,QUARTERLY JOURNAL OF ECONOMICS,0033-5533,10.1093/qje/qjad019,4,138
WOS:000847148900001,2022.0,QUARTERLY JOURNAL OF ECONOMICS,0033-5533,10.1093/qje/qjac029,1,138
WOS:000836097700001,2022.0,QUARTERLY JOURNAL OF ECONOMICS,0033-5533,10.1093/qje/qjac024,4,137
WOS:000815161100001,2022.0,QUARTERLY JOURNAL OF ECONOMICS,0033-5533,10.1093/qje/qjac020,4,137
WOS:000770412500001,2022.0,QUARTERLY JOURNAL OF ECONOMICS,0033-5533,10.1093/qje/qjac004,3,137
WOS:000764048500001,2022.0,QUARTERLY JOURNAL OF ECONOMICS,0033-5533,10.1093/qje/qjab039,2,137
WOS:000777482200001,2022.0,QUARTERLY JOURNAL OF ECONOMICS,0033-5533,10.1093/qje/qjab050,2,137
WOS:000489162100009,2019.0,QUARTERLY JOURNAL OF ECONOMICS,0033-5533,10.1093/qje/qjz002,2,134
WOS:000451281400001,2018.0,QUARTERLY JOURNAL OF ECONOMICS,0033-5533,10.1093/qje/qjy013,4,133
WOS:000383326100007,2016.0,QUARTERLY JOURNAL OF ECONOMICS,0033-5533,10.1093/qje/qjw016,3,131
WOS:000371602500008,2016.0,QUARTERLY JOURNAL OF ECONOMICS,0033-5533,10.1093/qje/qjv035,1,131
WOS:000365535400003,2015.0,QUARTERLY JOURNAL OF ECONOMICS,0033-5533,10.1093/qje/qjv024,4,130
WOS:000336146600007,2014.0,QUARTERLY JOURNAL OF ECONOMICS,0033-5533,10.1093/qje/qju007,2,129
WOS:000330451700001,2014.0,QUARTERLY JOURNAL OF ECONOMICS,0033-5533,10.1093/qje/qjt031,1,129
WOS:000330451700002,2014.0,QUARTERLY JOURNAL OF ECONOMICS,0033-5533,10.1093/qje/qjt032,1,129
WOS:000986374800001,2023.0,QUARTERLY JOURNAL OF ECONOMICS,0033-5533,10.1093/qje/qjad010,3,138
WOS:000935187000001,2023.0,QUARTERLY JOURNAL OF ECONOMICS,0033-5533,10.1093/qje/qjad001,2,138
WOS:000793034100001,2022.0,QUARTERLY JOURNAL OF ECONOMICS,0033-5533,10.1093/qje/qjac016,4,137
WOS:000770112400001,2022.0,QUARTERLY JOURNAL OF ECONOMICS,0033-5533,10.1093/qje/qjac008,3,137
WOS:000642334600002,2021.0,QUARTERLY JOURNAL OF ECONOMICS,0033-5533,10.1093/qje/qjaa041,2,136
WOS:000612198000007,2021.0,QUARTERLY JOURNAL OF ECONOMICS,0033-5533,10.1093/qje/qjaa033,1,136
WOS:000489162800002,2019.0,QUARTERLY JOURNAL OF ECONOMICS,0033-5533,10.1093/qje/qjz008,3,134
WOS:000401981500009,2017.0,QUARTERLY JOURNAL OF ECONOMICS,0033-5533,10.1093/qje/qjw044,2,132
WOS:000371602500005,2016.0,QUARTERLY JOURNAL OF ECONOMICS,0033-5533,10.1093/qje/qjv042,1,131
WOS:000875748600001,2022.0,QUARTERLY JOURNAL OF ECONOMICS,0033-5533,10.1093/qje/qjac037,1,138
WOS:000864359300001,2022.0,QUARTERLY JOURNAL OF ECONOMICS,0033-5533,10.1093/qje/qjac031,1,138
WOS:000763959600001,2022.0,QUARTERLY JOURNAL OF ECONOMICS,0033-5533,10.1093/qje/qjab041,2,137
WOS:000612198000009,2021.0,QUARTERLY JOURNAL OF ECONOMICS,0033-5533,10.1093/qje/qjaa035,1,136
WOS:000593217300010,2020.0,QUARTERLY JOURNAL OF ECONOMICS,0033-5533,10.1093/qje/qjaa017,4,135
WOS:000593217300004,2020.0,QUARTERLY JOURNAL OF ECONOMICS,0033-5533,10.1093/qje/qjaa021,4,135
WOS:000544015700007,2020.0,QUARTERLY JOURNAL OF ECONOMICS,0033-5533,10.1093/qje/qjaa001,2,135
WOS:000507362800008,2020.0,QUARTERLY JOURNAL OF ECONOMICS,0033-5533,10.1093/qje/qjz033,1,135
WOS:000489163400010,2019.0,QUARTERLY JOURNAL OF ECONOMICS,0033-5533,10.1093/qje/qjz018,4,134
WOS:000451280400007,2018.0,QUARTERLY JOURNAL OF ECONOMICS,0033-5533,10.1093/qje/qjy003,3,133
WOS:000412764300004,2017.0,QUARTERLY JOURNAL OF ECONOMICS,0033-5533,10.1093/qje/qjx018,4,132
WOS:000365535400008,2015.0,QUARTERLY JOURNAL OF ECONOMICS,0033-5533,10.1093/qje/qjv023,4,130
WOS:000346660500009,2014.0,QUARTERLY JOURNAL OF ECONOMICS,0033-5533,10.1093/qje/qju020,4,129
WOS:001051517900001,2023.0,QUARTERLY JOURNAL OF ECONOMICS,0033-5533,10.1093/qje/qjad029,4,138
WOS:000813230500001,2022.0,QUARTERLY JOURNAL OF ECONOMICS,0033-5533,10.1093/qje/qjac021,4,137
WOS:000770415300001,2022.0,QUARTERLY JOURNAL OF ECONOMICS,0033-5533,10.1093/qje/qjac009,3,137
WOS:000642334600005,2021.0,QUARTERLY JOURNAL OF ECONOMICS,0033-5533,10.1093/qje/qjaa037,2,136
WOS:000672777600011,2021.0,QUARTERLY JOURNAL OF ECONOMICS,0033-5533,10.1093/qje/qjab013,3,136
WOS:000642334600008,2021.0,QUARTERLY JOURNAL OF ECONOMICS,0033-5533,10.1093/qje/qjab002,2,136
WOS:000593217300002,2020.0,QUARTERLY JOURNAL OF ECONOMICS,0033-5533,10.1093/qje/qjaa019,4,135
WOS:000544017700007,2020.0,QUARTERLY JOURNAL OF ECONOMICS,0033-5533,10.1093/qje/qjaa005,3,135
WOS:000544017700001,2020.0,QUARTERLY JOURNAL OF ECONOMICS,0033-5533,10.1093/qje/qjaa006,3,135
WOS:000544017700005,2020.0,QUARTERLY JOURNAL OF ECONOMICS,0033-5533,10.1093/qje/qjaa009,3,135
WOS:000451280400005,2018.0,QUARTERLY JOURNAL OF ECONOMICS,0033-5533,10.1093/qje/qjy001,3,133
WOS:000401981500010,2017.0,QUARTERLY JOURNAL OF ECONOMICS,0033-5533,10.1093/qje/qjw042,2,132
WOS:000388576700005,2016.0,QUARTERLY JOURNAL OF ECONOMICS,0033-5533,10.1093/qje/qjw029,4,131
WOS:000383326100008,2016.0,QUARTERLY JOURNAL OF ECONOMICS,0033-5533,10.1093/qje/qjw014,3,131
WOS:000346660500001,2014.0,QUARTERLY JOURNAL OF ECONOMICS,0033-5533,10.1093/qje/qju022,4,129
WOS:000336146600001,2014.0,QUARTERLY JOURNAL OF ECONOMICS,0033-5533,10.1093/qje/qju001,2,129
WOS:000793997100001,2022.0,QUARTERLY JOURNAL OF ECONOMICS,0033-5533,10.1093/qje/qjac018,4,137
WOS:000764079400001,2022.0,QUARTERLY JOURNAL OF ECONOMICS,0033-5533,10.1093/qje/qjab040,2,137
WOS:000672777600002,2021.0,QUARTERLY JOURNAL OF ECONOMICS,0033-5533,10.1093/qje/qjab005,3,136
WOS:000593217300008,2020.0,QUARTERLY JOURNAL OF ECONOMICS,0033-5533,10.1093/qje/qjaa018,4,135
WOS:000489162800006,2019.0,QUARTERLY JOURNAL OF ECONOMICS,0033-5533,10.1093/qje/qjz014,3,134
WOS:000489162100005,2019.0,QUARTERLY JOURNAL OF ECONOMICS,0033-5533,10.1093/qje/qjy034,2,134
WOS:000406177000009,2017.0,QUARTERLY JOURNAL OF ECONOMICS,0033-5533,10.1093/qje/qjx007,3,132
WOS:000401981500005,2017.0,QUARTERLY JOURNAL OF ECONOMICS,0033-5533,10.1093/qje/qjw045,2,132
WOS:000365535400002,2015.0,QUARTERLY JOURNAL OF ECONOMICS,0033-5533,10.1093/qje/qjv029,4,130
WOS:000365535400006,2015.0,QUARTERLY JOURNAL OF ECONOMICS,0033-5533,10.1093/qje/qjv025,4,130
WOS:000354733000010,2015.0,QUARTERLY JOURNAL OF ECONOMICS,0033-5533,10.1093/qje/qjv008,2,130
WOS:000354733000005,2015.0,QUARTERLY JOURNAL OF ECONOMICS,0033-5533,10.1093/qje/qjv004,2,130
WOS:000342236000004,2014.0,QUARTERLY JOURNAL OF ECONOMICS,0033-5533,10.1093/qje/qju012,3,129
WOS:001018021300001,2023.0,QUARTERLY JOURNAL OF ECONOMICS,0033-5533,10.1093/qje/qjad020,4,138
WOS:000935197700001,2023.0,QUARTERLY JOURNAL OF ECONOMICS,0033-5533,10.1093/qje/qjac046,2,138
WOS:000763802200001,2022.0,QUARTERLY JOURNAL OF ECONOMICS,0033-5533,10.1093/qje/qjab048,2,137
WOS:000728439200009,2021.0,QUARTERLY JOURNAL OF ECONOMICS,0033-5533,10.1093/qje/qjab023,4,136
WOS:000642334600001,2021.0,QUARTERLY JOURNAL OF ECONOMICS,0033-5533,10.1093/qje/qjaa038,2,136
WOS:000642334600009,2021.0,QUARTERLY JOURNAL OF ECONOMICS,0033-5533,10.1093/qje/qjaa048,2,136
WOS:000544017700004,2020.0,QUARTERLY JOURNAL OF ECONOMICS,0033-5533,10.1093/qje/qjaa007,3,135
WOS:000544017700006,2020.0,QUARTERLY JOURNAL OF ECONOMICS,0033-5533,10.1093/qje/qjaa008,3,135
WOS:000406177000002,2017.0,QUARTERLY JOURNAL OF ECONOMICS,0033-5533,10.1093/qje/qjx010,3,132
WOS:000401981500007,2017.0,QUARTERLY JOURNAL OF ECONOMICS,0033-5533,10.1093/qje/qjx001,2,132
WOS:000351525000008,2015.0,QUARTERLY JOURNAL OF ECONOMICS,0033-5533,10.1093/qje/qju033,1,130
WOS:000351525000006,2015.0,QUARTERLY JOURNAL OF ECONOMICS,0033-5533,10.1093/qje/qju038,1,130
WOS:000336146600003,2014.0,QUARTERLY JOURNAL OF ECONOMICS,0033-5533,10.1093/qje/qju002,2,129
WOS:001017928700001,2023.0,QUARTERLY JOURNAL OF ECONOMICS,0033-5533,10.1093/qje/qjad021,4,138
WOS:000836166500001,2022.0,QUARTERLY JOURNAL OF ECONOMICS,0033-5533,10.1093/qje/qjac026,4,137
WOS:000764873200001,2022.0,QUARTERLY JOURNAL OF ECONOMICS,0033-5533,10.1093/qje/qjab045,2,137
WOS:000642334600010,2021.0,QUARTERLY JOURNAL OF ECONOMICS,0033-5533,10.1093/qje/qjaa039,2,136
WOS:000672777600007,2021.0,QUARTERLY JOURNAL OF ECONOMICS,0033-5533,10.1093/qje/qjab010,3,136
WOS:000612198000012,2021.0,QUARTERLY JOURNAL OF ECONOMICS,0033-5533,10.1093/qje/qjaa026,1,136
WOS:000544017700010,2020.0,QUARTERLY JOURNAL OF ECONOMICS,0033-5533,10.1093/qje/qjaa010,3,135
WOS:000396771300010,2017.0,QUARTERLY JOURNAL OF ECONOMICS,0033-5533,10.1093/qje/qjw039,1,132
WOS:000371602500002,2016.0,QUARTERLY JOURNAL OF ECONOMICS,0033-5533,10.1093/qje/qjv037,1,131
WOS:000346660500005,2014.0,QUARTERLY JOURNAL OF ECONOMICS,0033-5533,10.1093/qje/qju025,4,129
WOS:000342236000009,2014.0,QUARTERLY JOURNAL OF ECONOMICS,0033-5533,10.1093/qje/qju017,3,129
WOS:000336146600006,2014.0,QUARTERLY JOURNAL OF ECONOMICS,0033-5533,10.1093/qje/qju006,2,129
WOS:000926656800001,2023.0,QUARTERLY JOURNAL OF ECONOMICS,0033-5533,10.1093/qje/qjac043,2,138
WOS:000806495000001,2022.0,QUARTERLY JOURNAL OF ECONOMICS,0033-5533,10.1093/qje/qjac017,4,137
WOS:000764043900001,2022.0,QUARTERLY JOURNAL OF ECONOMICS,0033-5533,10.1093/qje/qjab042,2,137
WOS:000728439200003,2021.0,QUARTERLY JOURNAL OF ECONOMICS,0033-5533,10.1093/qje/qjab030,4,136
WOS:000612198000001,2021.0,QUARTERLY JOURNAL OF ECONOMICS,0033-5533,10.1093/qje/qjaa029,1,136
WOS:000544015700002,2020.0,QUARTERLY JOURNAL OF ECONOMICS,0033-5533,10.1093/qje/qjaa004,2,135
WOS:000489162100001,2019.0,QUARTERLY JOURNAL OF ECONOMICS,0033-5533,10.1093/qje/qjy029,2,134
WOS:000489161300006,2019.0,QUARTERLY JOURNAL OF ECONOMICS,0033-5533,10.1093/qje/qjy023,1,134
WOS:000435871300005,2018.0,QUARTERLY JOURNAL OF ECONOMICS,0033-5533,10.1093/qje/qjx042,2,133
WOS:000423802600003,2018.0,QUARTERLY JOURNAL OF ECONOMICS,0033-5533,10.1093/qje/qjx027,1,133
WOS:000423802600010,2018.0,QUARTERLY JOURNAL OF ECONOMICS,0033-5533,10.1093/qje/qjx033,1,133
WOS:000423802600009,2018.0,QUARTERLY JOURNAL OF ECONOMICS,0033-5533,10.1093/qje/qjx035,1,133
WOS:000388576700004,2016.0,QUARTERLY JOURNAL OF ECONOMICS,0033-5533,10.1093/qje/qjw026,4,131
WOS:000336146600004,2014.0,QUARTERLY JOURNAL OF ECONOMICS,0033-5533,10.1093/qje/qju005,2,129
WOS:000979999900001,2023.0,QUARTERLY JOURNAL OF ECONOMICS,0033-5533,10.1093/qje/qjad017,4,138
WOS:000946887400001,2023.0,QUARTERLY JOURNAL OF ECONOMICS,0033-5533,10.1093/qje/qjad005,3,138
WOS:000921150500004,2022.0,QUARTERLY JOURNAL OF ECONOMICS,0033-5533,10.1093/qje/qjac034,1,138
WOS:000743312400010,2022.0,QUARTERLY JOURNAL OF ECONOMICS,0033-5533,10.1093/qje/qjab032,1,137
WOS:000728439200005,2021.0,QUARTERLY JOURNAL OF ECONOMICS,0033-5533,10.1093/qje/qjab029,4,136
WOS:000642334600012,2021.0,QUARTERLY JOURNAL OF ECONOMICS,0033-5533,10.1093/qje/qjaa044,2,136
WOS:000672777600006,2021.0,QUARTERLY JOURNAL OF ECONOMICS,0033-5533,10.1093/qje/qjab008,3,136
WOS:000544015700003,2020.0,QUARTERLY JOURNAL OF ECONOMICS,0033-5533,10.1093/qje/qjz042,2,135
WOS:000544015700006,2020.0,QUARTERLY JOURNAL OF ECONOMICS,0033-5533,10.1093/qje/qjz037,2,135
WOS:000489162800004,2019.0,QUARTERLY JOURNAL OF ECONOMICS,0033-5533,10.1093/qje/qjz005,3,134
WOS:000451281400009,2018.0,QUARTERLY JOURNAL OF ECONOMICS,0033-5533,10.1093/qje/qjy016,4,133
WOS:000435871300010,2018.0,QUARTERLY JOURNAL OF ECONOMICS,0033-5533,10.1093/qje/qjx038,2,133
WOS:000412764300007,2017.0,QUARTERLY JOURNAL OF ECONOMICS,0033-5533,10.1093/qje/qjx016,4,132
WOS:000412764300009,2017.0,QUARTERLY JOURNAL OF ECONOMICS,0033-5533,10.1093/qje/qjx015,4,132
WOS:000412764300011,2017.0,QUARTERLY JOURNAL OF ECONOMICS,0033-5533,10.1093/qje/qjx039,4,132
WOS:000401981500004,2017.0,QUARTERLY JOURNAL OF ECONOMICS,0033-5533,10.1093/qje/qjx004,2,132
WOS:000388576700009,2016.0,QUARTERLY JOURNAL OF ECONOMICS,0033-5533,10.1093/qje/qjw028,4,131
WOS:000380249200007,2016.0,QUARTERLY JOURNAL OF ECONOMICS,0033-5533,10.1093/qje/qjw008,2,131
WOS:000764764900001,2022.0,QUARTERLY JOURNAL OF ECONOMICS,0033-5533,10.1093/qje/qjab046,2,137
WOS:000728439200004,2021.0,QUARTERLY JOURNAL OF ECONOMICS,0033-5533,10.1093/qje/qjab009,4,136
WOS:000612198000010,2021.0,QUARTERLY JOURNAL OF ECONOMICS,0033-5533,10.1093/qje/qjaa028,1,136
WOS:000544015700004,2020.0,QUARTERLY JOURNAL OF ECONOMICS,0033-5533,10.1093/qje/qjz040,2,135
WOS:000451280400008,2018.0,QUARTERLY JOURNAL OF ECONOMICS,0033-5533,10.1093/qje/qjy002,3,133
WOS:000435871300003,2018.0,QUARTERLY JOURNAL OF ECONOMICS,0033-5533,10.1093/qje/qjx047,2,133
WOS:000396771300006,2017.0,QUARTERLY JOURNAL OF ECONOMICS,0033-5533,10.1093/qje/qjw035,1,132
WOS:000396771300005,2017.0,QUARTERLY JOURNAL OF ECONOMICS,0033-5533,10.1093/QJE/qjw036,1,132
WOS:000388576700007,2016.0,QUARTERLY JOURNAL OF ECONOMICS,0033-5533,10.1093/qje/qjw021,4,131
WOS:000383326100001,2016.0,QUARTERLY JOURNAL OF ECONOMICS,0033-5533,10.1093/qje/qjw019,3,131
WOS:000359638900005,2015.0,QUARTERLY JOURNAL OF ECONOMICS,0033-5533,10.1093/qje/qjv017,3,130
WOS:001076716200001,2023.0,QUARTERLY JOURNAL OF ECONOMICS,0033-5533,10.1093/qje/qjad023,4,138
WOS:001030461600001,2023.0,QUARTERLY JOURNAL OF ECONOMICS,0033-5533,10.1093/qje/qjad027,4,138
WOS:001035117100001,2023.0,QUARTERLY JOURNAL OF ECONOMICS,0033-5533,10.1093/qje/qjad024,4,138
WOS:000865127000001,2022.0,QUARTERLY JOURNAL OF ECONOMICS,0033-5533,10.1093/qje/qjac032,1,138
WOS:000764509800001,2022.0,QUARTERLY JOURNAL OF ECONOMICS,0033-5533,10.1093/qje/qjab047,2,137
WOS:000743312400011,2022.0,QUARTERLY JOURNAL OF ECONOMICS,0033-5533,10.1093/qje/qjab035,1,137
WOS:000728439200007,2021.0,QUARTERLY JOURNAL OF ECONOMICS,0033-5533,10.1093/qje/qjab033,4,136
WOS:000642334600007,2021.0,QUARTERLY JOURNAL OF ECONOMICS,0033-5533,10.1093/qje/qjaa047,2,136
WOS:000451281400007,2018.0,QUARTERLY JOURNAL OF ECONOMICS,0033-5533,10.1093/qje/qjy010,4,133
WOS:000401981500001,2017.0,QUARTERLY JOURNAL OF ECONOMICS,0033-5533,10.1093/qje/qjx002,2,132
WOS:000351525000003,2015.0,QUARTERLY JOURNAL OF ECONOMICS,0033-5533,10.1093/qje/qju037,1,130
WOS:000346660500010,2014.0,QUARTERLY JOURNAL OF ECONOMICS,0033-5533,10.1093/qje/qju027,4,129
WOS:000813236400001,2022.0,QUARTERLY JOURNAL OF ECONOMICS,0033-5533,10.1093/qje/qjac015,4,137
WOS:000770420700001,2022.0,QUARTERLY JOURNAL OF ECONOMICS,0033-5533,10.1093/qje/qjac002,3,137
WOS:000743312400001,2022.0,QUARTERLY JOURNAL OF ECONOMICS,0033-5533,10.1093/qje/qjab036,1,137
WOS:000728439200008,2021.0,QUARTERLY JOURNAL OF ECONOMICS,0033-5533,10.1093/qje/qjab034,4,136
WOS:000728439200012,2021.0,QUARTERLY JOURNAL OF ECONOMICS,0033-5533,10.1093/qje/qjab019,4,136
WOS:000672777600005,2021.0,QUARTERLY JOURNAL OF ECONOMICS,0033-5533,10.1093/qje/qjab017,3,136
WOS:000672777600008,2021.0,QUARTERLY JOURNAL OF ECONOMICS,0033-5533,10.1093/qje/qjab011,3,136
WOS:000544017700008,2020.0,QUARTERLY JOURNAL OF ECONOMICS,0033-5533,10.1093/qje/qjaa013,3,135
WOS:000489163400009,2019.0,QUARTERLY JOURNAL OF ECONOMICS,0033-5533,10.1093/qje/qjz021,4,134
WOS:000489162100008,2019.0,QUARTERLY JOURNAL OF ECONOMICS,0033-5533,10.1093/qje/qjz001,2,134
WOS:000489161300003,2019.0,QUARTERLY JOURNAL OF ECONOMICS,0033-5533,10.1093/qje/qjy021,1,134
WOS:000489161300010,2019.0,QUARTERLY JOURNAL OF ECONOMICS,0033-5533,10.1093/qje/qjy024,1,134
WOS:000451280400001,2018.0,QUARTERLY JOURNAL OF ECONOMICS,0033-5533,10.1093/qje/qjy007,3,133
WOS:000435871300004,2018.0,QUARTERLY JOURNAL OF ECONOMICS,0033-5533,10.1093/qje/qjx037,2,133
WOS:000412764300003,2017.0,QUARTERLY JOURNAL OF ECONOMICS,0033-5533,10.1093/qje/qjx021,4,132
WOS:000406177000004,2017.0,QUARTERLY JOURNAL OF ECONOMICS,0033-5533,10.1093/qje/qjx006,3,132
WOS:000383326100006,2016.0,QUARTERLY JOURNAL OF ECONOMICS,0033-5533,10.1093/qje/qjw015,3,131
WOS:000342236000008,2014.0,QUARTERLY JOURNAL OF ECONOMICS,0033-5533,10.1093/qje/qju009,3,129
WOS:000342236000003,2014.0,QUARTERLY JOURNAL OF ECONOMICS,0033-5533,10.1093/qje/qju013,3,129
WOS:000336146600008,2014.0,QUARTERLY JOURNAL OF ECONOMICS,0033-5533,10.1093/qje/qju003,2,129
WOS:000946927000001,2023.0,QUARTERLY JOURNAL OF ECONOMICS,0033-5533,10.1093/qje/qjad007,3,138
WOS:000743312400009,2022.0,QUARTERLY JOURNAL OF ECONOMICS,0033-5533,10.1093/qje/qjab025,1,137
WOS:000612198000003,2021.0,QUARTERLY JOURNAL OF ECONOMICS,0033-5533,10.1093/qje/qjaa027,1,136
WOS:000593217300009,2020.0,QUARTERLY JOURNAL OF ECONOMICS,0033-5533,10.1093/qje/qjaa022,4,135
WOS:000544017700002,2020.0,QUARTERLY JOURNAL OF ECONOMICS,0033-5533,10.1093/qje/qjaa003,3,135
WOS:000544015700009,2020.0,QUARTERLY JOURNAL OF ECONOMICS,0033-5533,10.1093/qje/qjz039,2,135
WOS:000507362800009,2020.0,QUARTERLY JOURNAL OF ECONOMICS,0033-5533,10.1093/qje/qjz028,1,135
WOS:000507362800005,2020.0,QUARTERLY JOURNAL OF ECONOMICS,0033-5533,10.1093/qje/qjz034,1,135
WOS:000489162800008,2019.0,QUARTERLY JOURNAL OF ECONOMICS,0033-5533,10.1093/qje/qjz013,3,134
WOS:000489162100006,2019.0,QUARTERLY JOURNAL OF ECONOMICS,0033-5533,10.1093/qje/qjz003,2,134
WOS:000489161300004,2019.0,QUARTERLY JOURNAL OF ECONOMICS,0033-5533,10.1093/qje/qjy027,1,134
WOS:000451280400002,2018.0,QUARTERLY JOURNAL OF ECONOMICS,0033-5533,10.1093/qje/qjy006,3,133
WOS:000406177000006,2017.0,QUARTERLY JOURNAL OF ECONOMICS,0033-5533,10.1093/qje/qjx011,3,132
WOS:000396771300003,2017.0,QUARTERLY JOURNAL OF ECONOMICS,0033-5533,10.1093/qje/qjw030,1,132
WOS:000365535400009,2015.0,QUARTERLY JOURNAL OF ECONOMICS,0033-5533,10.1093/qje/qjv026,4,130
WOS:000351525000005,2015.0,QUARTERLY JOURNAL OF ECONOMICS,0033-5533,10.1093/qje/qju031,1,130
WOS:000346660500003,2014.0,QUARTERLY JOURNAL OF ECONOMICS,0033-5533,10.1093/qje/qju024,4,129
WOS:000854284500001,2022.0,QUARTERLY JOURNAL OF ECONOMICS,0033-5533,10.1093/qje/qjac028,1,138
WOS:000743312400012,2022.0,QUARTERLY JOURNAL OF ECONOMICS,0033-5533,10.1093/qje/qjab024,1,137
WOS:000507362800006,2020.0,QUARTERLY JOURNAL OF ECONOMICS,0033-5533,10.1093/qje/qjz035,1,135
WOS:000489163400006,2019.0,QUARTERLY JOURNAL OF ECONOMICS,0033-5533,10.1093/qje/qjz025,4,134
WOS:000435871300008,2018.0,QUARTERLY JOURNAL OF ECONOMICS,0033-5533,10.1093/qje/qjx046,2,133
WOS:000406177000001,2017.0,QUARTERLY JOURNAL OF ECONOMICS,0033-5533,10.1093/qje/qjx009,3,132
WOS:000380249200003,2016.0,QUARTERLY JOURNAL OF ECONOMICS,0033-5533,10.1093/qje/qjv038,2,131
WOS:000342236000005,2014.0,QUARTERLY JOURNAL OF ECONOMICS,0033-5533,10.1093/qje/qju018,3,129
WOS:000988606100001,2023.0,QUARTERLY JOURNAL OF ECONOMICS,0033-5533,10.1093/qje/qjad016,3,138
WOS:000803708500001,2022.0,QUARTERLY JOURNAL OF ECONOMICS,0033-5533,10.1093/qje/qjac013,3,137
WOS:000785751900001,2022.0,QUARTERLY JOURNAL OF ECONOMICS,0033-5533,10.1093/qje/qjac007,3,137
WOS:000770118700001,2022.0,QUARTERLY JOURNAL OF ECONOMICS,0033-5533,10.1093/qje/qjac005,3,137
WOS:000743312400003,2022.0,QUARTERLY JOURNAL OF ECONOMICS,0033-5533,10.1093/qje/qjab027,1,137
WOS:000672777600003,2021.0,QUARTERLY JOURNAL OF ECONOMICS,0033-5533,10.1093/qje/qjab016,3,136
WOS:000672777600012,2021.0,QUARTERLY JOURNAL OF ECONOMICS,0033-5533,10.1093/qje/qjab015,3,136
WOS:000672777600001,2021.0,QUARTERLY JOURNAL OF ECONOMICS,0033-5533,10.1093/qje/qjab012,3,136
WOS:000642334600006,2021.0,QUARTERLY JOURNAL OF ECONOMICS,0033-5533,10.1093/qje/qjaa043,2,136
WOS:000593217300003,2020.0,QUARTERLY JOURNAL OF ECONOMICS,0033-5533,10.1093/qje/qjaa016,4,135
WOS:000489162800001,2019.0,QUARTERLY JOURNAL OF ECONOMICS,0033-5533,10.1093/qje/qjz006,3,134
WOS:000423802600004,2018.0,QUARTERLY JOURNAL OF ECONOMICS,0033-5533,10.1093/qje/qjx028,1,133
WOS:000423802600001,2018.0,QUARTERLY JOURNAL OF ECONOMICS,0033-5533,10.1093/qje/qjx026,1,133
WOS:000423802600005,2018.0,QUARTERLY JOURNAL OF ECONOMICS,0033-5533,10.1093/qje/qjx032,1,133
WOS:000396771300009,2017.0,QUARTERLY JOURNAL OF ECONOMICS,0033-5533,10.1093/qje/qjw032,1,132
WOS:000396771300008,2017.0,QUARTERLY JOURNAL OF ECONOMICS,0033-5533,10.1093/qje/qjw034,1,132
WOS:000380249200009,2016.0,QUARTERLY JOURNAL OF ECONOMICS,0033-5533,10.1093/qje/qjw006,2,131
WOS:000351525000010,2015.0,QUARTERLY JOURNAL OF ECONOMICS,0033-5533,10.1093/qje/qju030,1,130
WOS:000342236000001,2014.0,QUARTERLY JOURNAL OF ECONOMICS,0033-5533,10.1093/qje/qju014,3,129
WOS:000336146600005,2014.0,QUARTERLY JOURNAL OF ECONOMICS,0033-5533,10.1093/qje/qjt057,2,129
WOS:000986429900001,2023.0,QUARTERLY JOURNAL OF ECONOMICS,0033-5533,10.1093/qje/qjad013,3,138
WOS:000867883100001,2022.0,QUARTERLY JOURNAL OF ECONOMICS,0033-5533,10.1093/qje/qjac035,1,138
WOS:000612198000004,2021.0,QUARTERLY JOURNAL OF ECONOMICS,0033-5533,10.1093/qje/qjaa031,1,136
WOS:000507362800007,2020.0,QUARTERLY JOURNAL OF ECONOMICS,0033-5533,10.1093/qje/qjz032,1,135
WOS:000435871300009,2018.0,QUARTERLY JOURNAL OF ECONOMICS,0033-5533,10.1093/qje/qjx040,2,133
WOS:000406177000005,2017.0,QUARTERLY JOURNAL OF ECONOMICS,0033-5533,10.1093/qje/qjx013,3,132
WOS:000396771300007,2017.0,QUARTERLY JOURNAL OF ECONOMICS,0033-5533,10.1093/qje/qjw031,1,132
WOS:000380249200006,2016.0,QUARTERLY JOURNAL OF ECONOMICS,0033-5533,10.1093/qje/qjw002,2,131
WOS:000371602500003,2016.0,QUARTERLY JOURNAL OF ECONOMICS,0033-5533,10.1093/qje/qjv039,1,131
WOS:000354733000003,2015.0,QUARTERLY JOURNAL OF ECONOMICS,0033-5533,10.1093/qje/qjv002,2,130
WOS:000354733000004,2015.0,QUARTERLY JOURNAL OF ECONOMICS,0033-5533,10.1093/qje/qjv007,2,130
WOS:000351525000002,2015.0,QUARTERLY JOURNAL OF ECONOMICS,0033-5533,10.1093/qje/qju035,1,130
WOS:000346660500002,2014.0,QUARTERLY JOURNAL OF ECONOMICS,0033-5533,10.1093/qje/qju023,4,129
WOS:000939688700001,2023.0,QUARTERLY JOURNAL OF ECONOMICS,0033-5533,10.1093/qje/qjad004,3,138
WOS:000935195800001,2023.0,QUARTERLY JOURNAL OF ECONOMICS,0033-5533,10.1093/qje/qjac044,2,138
WOS:000904947200001,2023.0,QUARTERLY JOURNAL OF ECONOMICS,0033-5533,10.1093/qje/qjac042,2,138
WOS:000770114200001,2022.0,QUARTERLY JOURNAL OF ECONOMICS,0033-5533,10.1093/qje/qjac006,3,137
WOS:000489163400001,2019.0,QUARTERLY JOURNAL OF ECONOMICS,0033-5533,10.1093/qje/qjz020,4,134
WOS:000489162100010,2019.0,QUARTERLY JOURNAL OF ECONOMICS,0033-5533,10.1093/qje/qjy032,2,134
WOS:000489161300008,2019.0,QUARTERLY JOURNAL OF ECONOMICS,0033-5533,10.1093/qje/qjy026,1,134
WOS:000423802600002,2018.0,QUARTERLY JOURNAL OF ECONOMICS,0033-5533,10.1093/qje/qjx034,1,133
WOS:000406177000008,2017.0,QUARTERLY JOURNAL OF ECONOMICS,0033-5533,10.1093/qje/qjx005,3,132
WOS:000396771300001,2017.0,QUARTERLY JOURNAL OF ECONOMICS,0033-5533,10.1093/qje/qjw033,1,132
WOS:000371602500004,2016.0,QUARTERLY JOURNAL OF ECONOMICS,0033-5533,10.1093/qje/qjv036,1,131
WOS:000330451700010,2014.0,QUARTERLY JOURNAL OF ECONOMICS,0033-5533,10.1093/qje/qjt026,1,129
WOS:000330451700006,2014.0,QUARTERLY JOURNAL OF ECONOMICS,0033-5533,10.1093/qje/qjt030,1,129
WOS:000986430600001,2023.0,QUARTERLY JOURNAL OF ECONOMICS,0033-5533,10.1093/qje/qjad009,3,138
WOS:000743312400008,2022.0,QUARTERLY JOURNAL OF ECONOMICS,0033-5533,10.1093/qje/qjab020,1,137
WOS:000593217300007,2020.0,QUARTERLY JOURNAL OF ECONOMICS,0033-5533,10.1093/qje/qjaa024,4,135
WOS:000544015700005,2020.0,QUARTERLY JOURNAL OF ECONOMICS,0033-5533,10.1093/qje/qjz038,2,135
WOS:000489162800003,2019.0,QUARTERLY JOURNAL OF ECONOMICS,0033-5533,10.1093/qje/qjz012,3,134
WOS:000451281400008,2018.0,QUARTERLY JOURNAL OF ECONOMICS,0033-5533,10.1093/qje/qjy011,4,133
WOS:000401981500002,2017.0,QUARTERLY JOURNAL OF ECONOMICS,0033-5533,10.1093/qje/qjw041,2,132
WOS:000396771300002,2017.0,QUARTERLY JOURNAL OF ECONOMICS,0033-5533,10.1093/qje/qjw038,1,132
WOS:000380249200010,2016.0,QUARTERLY JOURNAL OF ECONOMICS,0033-5533,10.1093/qje/qjw007,2,131
,,QUARTERLY JOURNAL OF ECONOMICS,,,http://dx.doi.org/10.1093/qje/qjv015,10.1093/qje/qjv015
WOS:000359638900009,2015.0,QUARTERLY JOURNAL OF ECONOMICS,0033-5533,10.1093/qje/qjv014,3,130
WOS:000936189300001,2023.0,QUARTERLY JOURNAL OF ECONOMICS,0033-5533,10.1093/qje/qjad003,2,138
WOS:000891996300001,2023.0,QUARTERLY JOURNAL OF ECONOMICS,0033-5533,10.1093/qje/qjac041,2,138
WOS:000867882500001,2022.0,QUARTERLY JOURNAL OF ECONOMICS,0033-5533,10.1093/qje/qjac036,1,138
WOS:000826159000011,2022.0,QUARTERLY JOURNAL OF ECONOMICS,0033-5533,10.1093/qje/qjac025,3,137
WOS:000764683400001,2022.0,QUARTERLY JOURNAL OF ECONOMICS,0033-5533,10.1093/qje/qjab049,2,137
WOS:000544017700003,2020.0,QUARTERLY JOURNAL OF ECONOMICS,0033-5533,10.1093/qje/qjaa012,3,135
WOS:000544015700010,2020.0,QUARTERLY JOURNAL OF ECONOMICS,0033-5533,10.1093/qje/qjz043,2,135
WOS:000507362800003,2020.0,QUARTERLY JOURNAL OF ECONOMICS,0033-5533,10.1093/qje/qjz030,1,135
WOS:000507362800001,2020.0,QUARTERLY JOURNAL OF ECONOMICS,0033-5533,10.1093/qje/qjz036,1,135
WOS:000489163400004,2019.0,QUARTERLY JOURNAL OF ECONOMICS,0033-5533,10.1093/qje/qjz026,4,134
WOS:000489161300007,2019.0,QUARTERLY JOURNAL OF ECONOMICS,0033-5533,10.1093/qje/qjy019,1,134
WOS:000451280400006,2018.0,QUARTERLY JOURNAL OF ECONOMICS,0033-5533,10.1093/qje/qjx050,3,133
WOS:000388576700002,2016.0,QUARTERLY JOURNAL OF ECONOMICS,0033-5533,10.1093/qje/qjw022,4,131
WOS:000380249200004,2016.0,QUARTERLY JOURNAL OF ECONOMICS,0033-5533,10.1093/qje/qjw001,2,131
WOS:000371602500009,2016.0,QUARTERLY JOURNAL OF ECONOMICS,0033-5533,10.1093/qje/qjv034,1,131
WOS:000905046000001,2023.0,QUARTERLY JOURNAL OF ECONOMICS,0033-5533,10.1093/qje/qjac040,2,138
WOS:000892024400001,2023.0,QUARTERLY JOURNAL OF ECONOMICS,0033-5533,10.1093/qje/qjac039,2,138
WOS:000813228500001,2022.0,QUARTERLY JOURNAL OF ECONOMICS,0033-5533,10.1093/qje/qjac023,4,137
WOS:000785803800001,2022.0,QUARTERLY JOURNAL OF ECONOMICS,0033-5533,10.1093/qje/qjac014,4,137
WOS:000672777600010,2021.0,QUARTERLY JOURNAL OF ECONOMICS,0033-5533,10.1093/qje/qjab006,3,136
WOS:000544017700009,2020.0,QUARTERLY JOURNAL OF ECONOMICS,0033-5533,10.1093/qje/qjaa011,3,135
WOS:000489163400002,2019.0,QUARTERLY JOURNAL OF ECONOMICS,0033-5533,10.1093/qje/qjz023,4,134
WOS:000489162800005,2019.0,QUARTERLY JOURNAL OF ECONOMICS,0033-5533,10.1093/qje/qjz011,3,134
WOS:000489161300009,2019.0,QUARTERLY JOURNAL OF ECONOMICS,0033-5533,10.1093/qje/qjy022,1,134
WOS:000412764300001,2017.0,QUARTERLY JOURNAL OF ECONOMICS,0033-5533,10.1093/qje/qjx023,4,132
WOS:000388576700001,2016.0,QUARTERLY JOURNAL OF ECONOMICS,0033-5533,10.1093/qje/qjw024,4,131
WOS:000380249200005,2016.0,QUARTERLY JOURNAL OF ECONOMICS,0033-5533,10.1093/qje/qjw009,2,131
WOS:000354733000008,2015.0,QUARTERLY JOURNAL OF ECONOMICS,0033-5533,10.1093/qje/qjv005,2,130
WOS:000351525000007,2015.0,QUARTERLY JOURNAL OF ECONOMICS,0033-5533,10.1093/qje/qju029,1,130
WOS:000342236000002,2014.0,QUARTERLY JOURNAL OF ECONOMICS,0033-5533,10.1093/qje/qju016,3,129
WOS:000342236000006,2014.0,QUARTERLY JOURNAL OF ECONOMICS,0033-5533,10.1093/qje/qju015,3,129
WOS:000330451700004,2014.0,QUARTERLY JOURNAL OF ECONOMICS,0033-5533,10.1093/qje/qjt029,1,129
WOS:000942114200001,2023.0,QUARTERLY JOURNAL OF ECONOMICS,0033-5533,10.1093/qje/qjad002,2,138
WOS:000885663500001,2022.0,QUARTERLY JOURNAL OF ECONOMICS,0033-5533,10.1093/qje/qjac038,1,138
WOS:000728439200006,2021.0,QUARTERLY JOURNAL OF ECONOMICS,0033-5533,10.1093/qje/qjab007,4,136
WOS:000593217300005,2020.0,QUARTERLY JOURNAL OF ECONOMICS,0033-5533,10.1093/qje/qjaa020,4,135
WOS:000489162800010,2019.0,QUARTERLY JOURNAL OF ECONOMICS,0033-5533,10.1093/qje/qjz010,3,134
WOS:000451280400009,2018.0,QUARTERLY JOURNAL OF ECONOMICS,0033-5533,10.1093/qje/qjx048,3,133
WOS:000451280400004,2018.0,QUARTERLY JOURNAL OF ECONOMICS,0033-5533,10.1093/qje/qjy004,3,133
WOS:000401981500003,2017.0,QUARTERLY JOURNAL OF ECONOMICS,0033-5533,10.1093/qje/qjw040,2,132
WOS:000383326100009,2016.0,QUARTERLY JOURNAL OF ECONOMICS,0033-5533,10.1093/qje/qjw010,3,131
WOS:000371602500006,2016.0,QUARTERLY JOURNAL OF ECONOMICS,0033-5533,10.1093/qje/qjv041,1,131
WOS:000354733000011,2015.0,QUARTERLY JOURNAL OF ECONOMICS,0033-5533,10.1093/qje/qjv009,2,130
WOS:000351525000004,2015.0,QUARTERLY JOURNAL OF ECONOMICS,0033-5533,10.1093/qje/qju032,1,130
WOS:001065157900001,2023.0,QUARTERLY JOURNAL OF ECONOMICS,0033-5533,10.1093/qje/qjad028,4,138
WOS:000999691800001,2023.0,QUARTERLY JOURNAL OF ECONOMICS,0033-5533,10.1093/qje/qjad014,3,138
WOS:000855414400001,2022.0,QUARTERLY JOURNAL OF ECONOMICS,0033-5533,10.1093/qje/qjac030,1,138
WOS:000770421700001,2022.0,QUARTERLY JOURNAL OF ECONOMICS,0033-5533,10.1093/qje/qjac010,3,137
WOS:000728439200010,2021.0,QUARTERLY JOURNAL OF ECONOMICS,0033-5533,10.1093/qje/qjaa045,4,136
WOS:000743312400005,2022.0,QUARTERLY JOURNAL OF ECONOMICS,0033-5533,10.1093/qje/qjab026,1,137
WOS:000642334600004,2021.0,QUARTERLY JOURNAL OF ECONOMICS,0033-5533,10.1093/qje/qjaa042,2,136
WOS:000544015700008,2020.0,QUARTERLY JOURNAL OF ECONOMICS,0033-5533,10.1093/qje/qjz044,2,135
WOS:000489162100004,2019.0,QUARTERLY JOURNAL OF ECONOMICS,0033-5533,10.1093/qje/qjy031,2,134
WOS:000451280400003,2018.0,QUARTERLY JOURNAL OF ECONOMICS,0033-5533,10.1093/qje/qjx049,3,133
WOS:000435871300007,2018.0,QUARTERLY JOURNAL OF ECONOMICS,0033-5533,10.1093/qje/qjx044,2,133
WOS:000423802600007,2018.0,QUARTERLY JOURNAL OF ECONOMICS,0033-5533,10.1093/qje/qjx030,1,133
WOS:000412764300008,2017.0,QUARTERLY JOURNAL OF ECONOMICS,0033-5533,10.1093/qje/qjx024,4,132
WOS:000406177000011,2017.0,QUARTERLY JOURNAL OF ECONOMICS,0033-5533,10.1093/qje/qjx025,3,132
WOS:000365535400007,2015.0,QUARTERLY JOURNAL OF ECONOMICS,0033-5533,10.1093/qje/qjv030,4,130
WOS:000365535400004,2015.0,QUARTERLY JOURNAL OF ECONOMICS,0033-5533,10.1093/qje/qjv022,4,130
WOS:000351525000001,2015.0,QUARTERLY JOURNAL OF ECONOMICS,0033-5533,10.1093/qje/qju036,1,130
WOS:000336146600010,2014.0,QUARTERLY JOURNAL OF ECONOMICS,0033-5533,10.1093/qje/qju004,2,129
WOS:001010970300001,2023.0,QUARTERLY JOURNAL OF ECONOMICS,0033-5533,10.1093/qje/qjad018,4,138
WOS:000946888200001,2023.0,QUARTERLY JOURNAL OF ECONOMICS,0033-5533,10.1093/qje/qjad006,3,138
WOS:000836125300001,2022.0,QUARTERLY JOURNAL OF ECONOMICS,0033-5533,10.1093/qje/qjac027,1,138
WOS:000612198000002,2021.0,QUARTERLY JOURNAL OF ECONOMICS,0033-5533,10.1093/qje/qjaa034,1,136
WOS:000489163400008,2019.0,QUARTERLY JOURNAL OF ECONOMICS,0033-5533,10.1093/qje/qjz022,4,134
WOS:000489162800009,2019.0,QUARTERLY JOURNAL OF ECONOMICS,0033-5533,10.1093/qje/qjz017,3,134
WOS:000489162800007,2019.0,QUARTERLY JOURNAL OF ECONOMICS,0033-5533,10.1093/qje/qjz009,3,134
WOS:000451281400003,2018.0,QUARTERLY JOURNAL OF ECONOMICS,0033-5533,10.1093/qje/qjy015,4,133
WOS:000435871300002,2018.0,QUARTERLY JOURNAL OF ECONOMICS,0033-5533,10.1093/qje/qjx041,2,133
WOS:000396771300004,2017.0,QUARTERLY JOURNAL OF ECONOMICS,0033-5533,10.1093/qje/qjw037,1,132
WOS:000388576700006,2016.0,QUARTERLY JOURNAL OF ECONOMICS,0033-5533,10.1093/qje/qjw027,4,131
WOS:000380249200002,2016.0,QUARTERLY JOURNAL OF ECONOMICS,0033-5533,10.1093/qje/qjw003,2,131
WOS:000371602500001,2016.0,QUARTERLY JOURNAL OF ECONOMICS,0033-5533,10.1093/qje/qjv040,1,131
WOS:000371602500007,2016.0,QUARTERLY JOURNAL OF ECONOMICS,0033-5533,10.1093/qje/qjv032,1,131
WOS:000818056100001,2022.0,QUARTERLY JOURNAL OF ECONOMICS,0033-5533,10.1093/qje/qjac022,4,137
WOS:000767684700001,2022.0,QUARTERLY JOURNAL OF ECONOMICS,0033-5533,10.1093/qje/qjac001,2,137
WOS:000743312400006,2022.0,QUARTERLY JOURNAL OF ECONOMICS,0033-5533,10.1093/qje/qjab028,1,137
WOS:000743312400007,2022.0,QUARTERLY JOURNAL OF ECONOMICS,0033-5533,10.1093/qje/qjab022,1,137
WOS:000743312400002,2022.0,QUARTERLY JOURNAL OF ECONOMICS,0033-5533,10.1093/qje/qjab018,1,137
WOS:000672777600004,2021.0,QUARTERLY JOURNAL OF ECONOMICS,0033-5533,10.1093/qje/qjab014,3,136
WOS:000593217300001,2020.0,QUARTERLY JOURNAL OF ECONOMICS,0033-5533,10.1093/qje/qjaa015,4,135
WOS:000489162100003,2019.0,QUARTERLY JOURNAL OF ECONOMICS,0033-5533,10.1093/qje/qjy028,2,134
WOS:000489162100007,2019.0,QUARTERLY JOURNAL OF ECONOMICS,0033-5533,10.1093/qje/qjz004,2,134
WOS:000451280400010,2018.0,QUARTERLY JOURNAL OF ECONOMICS,0033-5533,10.1093/qje/qjy005,3,133
WOS:000435871300006,2018.0,QUARTERLY JOURNAL OF ECONOMICS,0033-5533,10.1093/qje/qjx045,2,133
WOS:000412764300012,2017.0,QUARTERLY JOURNAL OF ECONOMICS,0033-5533,10.1093/qje/qjx036,4,132
WOS:000388576700003,2016.0,QUARTERLY JOURNAL OF ECONOMICS,0033-5533,10.1093/qje/qjw023,4,131
WOS:000383326100003,2016.0,QUARTERLY JOURNAL OF ECONOMICS,0033-5533,10.1093/qje/qjw017,3,131
WOS:000380249200008,2016.0,QUARTERLY JOURNAL OF ECONOMICS,0033-5533,10.1093/qje/qjw005,2,131
WOS:000380249200001,2016.0,QUARTERLY JOURNAL OF ECONOMICS,0033-5533,10.1093/qje/qjw004,2,131
WOS:000365535400010,2015.0,QUARTERLY JOURNAL OF ECONOMICS,0033-5533,10.1093/qje/qjv031,4,130
WOS:000354733000009,2015.0,QUARTERLY JOURNAL OF ECONOMICS,0033-5533,10.1093/qje/qjv011,2,130
WOS:000336146600002,2014.0,QUARTERLY JOURNAL OF ECONOMICS,0033-5533,10.1093/qje/qju008,2,129
WOS:001022028300001,2023.0,QUARTERLY JOURNAL OF ECONOMICS,0033-5533,10.1093/qje/qjad026,4,138
WOS:000768142500001,2022.0,QUARTERLY JOURNAL OF ECONOMICS,0033-5533,10.1093/qje/qjac003,3,137
WOS:000593217300006,2020.0,QUARTERLY JOURNAL OF ECONOMICS,0033-5533,10.1093/qje/qjaa014,4,135
WOS:000489162100002,2019.0,QUARTERLY JOURNAL OF ECONOMICS,0033-5533,10.1093/qje/qjy033,2,134
WOS:000489161300002,2019.0,QUARTERLY JOURNAL OF ECONOMICS,0033-5533,10.1093/qje/qjy020,1,134
WOS:000451281400002,2018.0,QUARTERLY JOURNAL OF ECONOMICS,0033-5533,10.1093/qje/qjy014,4,133
WOS:000401981500006,2017.0,QUARTERLY JOURNAL OF ECONOMICS,0033-5533,10.1093/qje/qjx003,2,132
WOS:000388576700010,2016.0,QUARTERLY JOURNAL OF ECONOMICS,0033-5533,10.1093/qje/qjw025,4,131
WOS:000383326100005,2016.0,QUARTERLY JOURNAL OF ECONOMICS,0033-5533,10.1093/qje/qjw012,3,131
WOS:000371602500010,2016.0,QUARTERLY JOURNAL OF ECONOMICS,0033-5533,10.1093/qje/qjv033,1,131
WOS:000359638900004,2015.0,QUARTERLY JOURNAL OF ECONOMICS,0033-5533,10.1093/qje/qjv012,3,130
WOS:000330451700008,2014.0,QUARTERLY JOURNAL OF ECONOMICS,0033-5533,10.1093/qje/qjt033,1,129
